UID,채무 불이행 확률
TEST_0000,0.58
TEST_0001,0.43
TEST_0002,0.49
TEST_0003,0.31
TEST_0004,0.42
TEST_0005,0.43
TEST_0006,0.77
TEST_0007,0.52
TEST_0008,0.38
TEST_0009,0.51
TEST_0010,0.49
TEST_0011,0.3
TEST_0012,0.18
TEST_0013,0.45
TEST_0014,0.6
TEST_0015,0.24
TEST_0016,0.47
TEST_0017,0.29
TEST_0018,0.22
TEST_0019,0.72
TEST_0020,0.34
TEST_0021,0.41
TEST_0022,0.42
TEST_0023,0.71
TEST_0024,0.38
TEST_0025,0.56
TEST_0026,0.49
TEST_0027,0.39
TEST_0028,0.72
TEST_0029,0.86
TEST_0030,0.28
TEST_0031,0.36
TEST_0032,0.24
TEST_0033,0.76
TEST_0034,0.42
TEST_0035,0.29
TEST_0036,0.45
TEST_0037,0.4
TEST_0038,0.58
TEST_0039,0.55
TEST_0040,0.72
TEST_0041,0.21
TEST_0042,0.21
TEST_0043,0.41
TEST_0044,0.27
TEST_0045,0.3
TEST_0046,0.5
TEST_0047,0.53
TEST_0048,0.45
TEST_0049,0.28
TEST_0050,0.59
TEST_0051,0.26
TEST_0052,0.56
TEST_0053,0.51
TEST_0054,0.31
TEST_0055,0.2
TEST_0056,0.26
TEST_0057,0.32
TEST_0058,0.69
TEST_0059,0.36
TEST_0060,0.37
TEST_0061,0.24
TEST_0062,0.57
TEST_0063,0.42
TEST_0064,0.52
TEST_0065,0.32
TEST_0066,0.37
TEST_0067,0.28
TEST_0068,0.39
TEST_0069,0.36
TEST_0070,0.52
TEST_0071,0.49
TEST_0072,0.13
TEST_0073,0.24
TEST_0074,0.38
TEST_0075,0.73
TEST_0076,0.34
TEST_0077,0.37
TEST_0078,0.36
TEST_0079,0.32
TEST_0080,0.33
TEST_0081,0.7
TEST_0082,0.52
TEST_0083,0.59
TEST_0084,0.38
TEST_0085,0.44
TEST_0086,0.64
TEST_0087,0.35
TEST_0088,0.16
TEST_0089,0.35
TEST_0090,0.7
TEST_0091,0.5
TEST_0092,0.53
TEST_0093,0.53
TEST_0094,0.23
TEST_0095,0.35
TEST_0096,0.3
TEST_0097,0.53
TEST_0098,0.46
TEST_0099,0.4
TEST_0100,0.5
TEST_0101,0.24
TEST_0102,0.33
TEST_0103,0.28
TEST_0104,0.79
TEST_0105,0.27
TEST_0106,0.63
TEST_0107,0.31
TEST_0108,0.31
TEST_0109,0.47
TEST_0110,0.12
TEST_0111,0.6
TEST_0112,0.5
TEST_0113,0.56
TEST_0114,0.57
TEST_0115,0.43
TEST_0116,0.68
TEST_0117,0.18
TEST_0118,0.22
TEST_0119,0.55
TEST_0120,0.35
TEST_0121,0.45
TEST_0122,0.21
TEST_0123,0.39
TEST_0124,0.39
TEST_0125,0.4
TEST_0126,0.34
TEST_0127,0.45
TEST_0128,0.25
TEST_0129,0.51
TEST_0130,0.44
TEST_0131,0.46
TEST_0132,0.56
TEST_0133,0.28
TEST_0134,0.45
TEST_0135,0.57
TEST_0136,0.66
TEST_0137,0.61
TEST_0138,0.83
TEST_0139,0.75
TEST_0140,0.75
TEST_0141,0.47
TEST_0142,0.2
TEST_0143,0.23
TEST_0144,0.39
TEST_0145,0.44
TEST_0146,0.49
TEST_0147,0.38
TEST_0148,0.31
TEST_0149,0.4
TEST_0150,0.64
TEST_0151,0.46
TEST_0152,0.64
TEST_0153,0.21
TEST_0154,0.72
TEST_0155,0.25
TEST_0156,0.76
TEST_0157,0.31
TEST_0158,0.54
TEST_0159,0.3
TEST_0160,0.68
TEST_0161,0.36
TEST_0162,0.27
TEST_0163,0.43
TEST_0164,0.44
TEST_0165,0.15
TEST_0166,0.36
TEST_0167,0.55
TEST_0168,0.42
TEST_0169,0.62
TEST_0170,0.75
TEST_0171,0.41
TEST_0172,0.33
TEST_0173,0.45
TEST_0174,0.47
TEST_0175,0.44
TEST_0176,0.37
TEST_0177,0.57
TEST_0178,0.58
TEST_0179,0.57
TEST_0180,0.36
TEST_0181,0.23
TEST_0182,0.44
TEST_0183,0.14
TEST_0184,0.51
TEST_0185,0.29
TEST_0186,0.16
TEST_0187,0.32
TEST_0188,0.32
TEST_0189,0.32
TEST_0190,0.57
TEST_0191,0.36
TEST_0192,0.32
TEST_0193,0.27
TEST_0194,0.22
TEST_0195,0.33
TEST_0196,0.7
TEST_0197,0.73
TEST_0198,0.34
TEST_0199,0.69
TEST_0200,0.14
TEST_0201,0.69
TEST_0202,0.36
TEST_0203,0.24
TEST_0204,0.55
TEST_0205,0.59
TEST_0206,0.67
TEST_0207,0.28
TEST_0208,0.2
TEST_0209,0.66
TEST_0210,0.46
TEST_0211,0.78
TEST_0212,0.53
TEST_0213,0.6
TEST_0214,0.22
TEST_0215,0.37
TEST_0216,0.24
TEST_0217,0.53
TEST_0218,0.21
TEST_0219,0.48
TEST_0220,0.59
TEST_0221,0.27
TEST_0222,0.77
TEST_0223,0.44
TEST_0224,0.32
TEST_0225,0.5
TEST_0226,0.34
TEST_0227,0.39
TEST_0228,0.46
TEST_0229,0.41
TEST_0230,0.47
TEST_0231,0.58
TEST_0232,0.43
TEST_0233,0.34
TEST_0234,0.27
TEST_0235,0.55
TEST_0236,0.39
TEST_0237,0.68
TEST_0238,0.48
TEST_0239,0.34
TEST_0240,0.51
TEST_0241,0.32
TEST_0242,0.36
TEST_0243,0.69
TEST_0244,0.29
TEST_0245,0.82
TEST_0246,0.4
TEST_0247,0.73
TEST_0248,0.42
TEST_0249,0.32
TEST_0250,0.31
TEST_0251,0.6
TEST_0252,0.72
TEST_0253,0.46
TEST_0254,0.25
TEST_0255,0.69
TEST_0256,0.57
TEST_0257,0.37
TEST_0258,0.23
TEST_0259,0.31
TEST_0260,0.27
TEST_0261,0.54
TEST_0262,0.31
TEST_0263,0.46
TEST_0264,0.66
TEST_0265,0.32
TEST_0266,0.23
TEST_0267,0.4
TEST_0268,0.44
TEST_0269,0.19
TEST_0270,0.2
TEST_0271,0.52
TEST_0272,0.27
TEST_0273,0.49
TEST_0274,0.25
TEST_0275,0.19
TEST_0276,0.41
TEST_0277,0.25
TEST_0278,0.35
TEST_0279,0.61
TEST_0280,0.36
TEST_0281,0.21
TEST_0282,0.33
TEST_0283,0.54
TEST_0284,0.28
TEST_0285,0.41
TEST_0286,0.24
TEST_0287,0.65
TEST_0288,0.38
TEST_0289,0.29
TEST_0290,0.4
TEST_0291,0.25
TEST_0292,0.42
TEST_0293,0.22
TEST_0294,0.38
TEST_0295,0.53
TEST_0296,0.15
TEST_0297,0.32
TEST_0298,0.68
TEST_0299,0.38
TEST_0300,0.46
TEST_0301,0.4
TEST_0302,0.56
TEST_0303,0.44
TEST_0304,0.38
TEST_0305,0.3
TEST_0306,0.62
TEST_0307,0.89
TEST_0308,0.86
TEST_0309,0.26
TEST_0310,0.33
TEST_0311,0.7
TEST_0312,0.45
TEST_0313,0.43
TEST_0314,0.62
TEST_0315,0.58
TEST_0316,0.25
TEST_0317,0.64
TEST_0318,0.42
TEST_0319,0.46
TEST_0320,0.67
TEST_0321,0.83
TEST_0322,0.77
TEST_0323,0.35
TEST_0324,0.82
TEST_0325,0.29
TEST_0326,0.58
TEST_0327,0.34
TEST_0328,0.51
TEST_0329,0.4
TEST_0330,0.32
TEST_0331,0.23
TEST_0332,0.34
TEST_0333,0.51
TEST_0334,0.29
TEST_0335,0.36
TEST_0336,0.32
TEST_0337,0.67
TEST_0338,0.36
TEST_0339,0.29
TEST_0340,0.46
TEST_0341,0.23
TEST_0342,0.55
TEST_0343,0.6
TEST_0344,0.18
TEST_0345,0.39
TEST_0346,0.34
TEST_0347,0.4
TEST_0348,0.72
TEST_0349,0.8
TEST_0350,0.59
TEST_0351,0.38
TEST_0352,0.36
TEST_0353,0.54
TEST_0354,0.41
TEST_0355,0.61
TEST_0356,0.55
TEST_0357,0.27
TEST_0358,0.38
TEST_0359,0.6
TEST_0360,0.17
TEST_0361,0.27
TEST_0362,0.46
TEST_0363,0.56
TEST_0364,0.6
TEST_0365,0.39
TEST_0366,0.37
TEST_0367,0.58
TEST_0368,0.41
TEST_0369,0.36
TEST_0370,0.48
TEST_0371,0.41
TEST_0372,0.41
TEST_0373,0.16
TEST_0374,0.5
TEST_0375,0.34
TEST_0376,0.26
TEST_0377,0.44
TEST_0378,0.49
TEST_0379,0.74
TEST_0380,0.3
TEST_0381,0.52
TEST_0382,0.43
TEST_0383,0.4
TEST_0384,0.42
TEST_0385,0.56
TEST_0386,0.55
TEST_0387,0.73
TEST_0388,0.17
TEST_0389,0.27
TEST_0390,0.26
TEST_0391,0.4
TEST_0392,0.4
TEST_0393,0.6
TEST_0394,0.4
TEST_0395,0.54
TEST_0396,0.51
TEST_0397,0.43
TEST_0398,0.57
TEST_0399,0.36
TEST_0400,0.42
TEST_0401,0.41
TEST_0402,0.57
TEST_0403,0.42
TEST_0404,0.52
TEST_0405,0.28
TEST_0406,0.3
TEST_0407,0.78
TEST_0408,0.38
TEST_0409,0.53
TEST_0410,0.42
TEST_0411,0.46
TEST_0412,0.54
TEST_0413,0.21
TEST_0414,0.34
TEST_0415,0.6
TEST_0416,0.37
TEST_0417,0.69
TEST_0418,0.34
TEST_0419,0.56
TEST_0420,0.43
TEST_0421,0.64
TEST_0422,0.15
TEST_0423,0.31
TEST_0424,0.51
TEST_0425,0.69
TEST_0426,0.53
TEST_0427,0.15
TEST_0428,0.5
TEST_0429,0.32
TEST_0430,0.26
TEST_0431,0.46
TEST_0432,0.24
TEST_0433,0.38
TEST_0434,0.47
TEST_0435,0.72
TEST_0436,0.44
TEST_0437,0.58
TEST_0438,0.22
TEST_0439,0.44
TEST_0440,0.27
TEST_0441,0.32
TEST_0442,0.3
TEST_0443,0.2
TEST_0444,0.51
TEST_0445,0.38
TEST_0446,0.33
TEST_0447,0.46
TEST_0448,0.5
TEST_0449,0.14
TEST_0450,0.22
TEST_0451,0.34
TEST_0452,0.58
TEST_0453,0.32
TEST_0454,0.41
TEST_0455,0.34
TEST_0456,0.35
TEST_0457,0.46
TEST_0458,0.38
TEST_0459,0.48
TEST_0460,0.21
TEST_0461,0.24
TEST_0462,0.24
TEST_0463,0.55
TEST_0464,0.35
TEST_0465,0.41
TEST_0466,0.33
TEST_0467,0.39
TEST_0468,0.41
TEST_0469,0.22
TEST_0470,0.74
TEST_0471,0.44
TEST_0472,0.49
TEST_0473,0.25
TEST_0474,0.22
TEST_0475,0.4
TEST_0476,0.53
TEST_0477,0.43
TEST_0478,0.33
TEST_0479,0.81
TEST_0480,0.6
TEST_0481,0.44
TEST_0482,0.39
TEST_0483,0.23
TEST_0484,0.25
TEST_0485,0.52
TEST_0486,0.38
TEST_0487,0.37
TEST_0488,0.66
TEST_0489,0.33
TEST_0490,0.15
TEST_0491,0.23
TEST_0492,0.36
TEST_0493,0.5
TEST_0494,0.67
TEST_0495,0.71
TEST_0496,0.47
TEST_0497,0.68
TEST_0498,0.71
TEST_0499,0.4
TEST_0500,0.24
TEST_0501,0.19
TEST_0502,0.67
TEST_0503,0.45
TEST_0504,0.31
TEST_0505,0.23
TEST_0506,0.43
TEST_0507,0.45
TEST_0508,0.25
TEST_0509,0.47
TEST_0510,0.45
TEST_0511,0.55
TEST_0512,0.7
TEST_0513,0.21
TEST_0514,0.28
TEST_0515,0.76
TEST_0516,0.39
TEST_0517,0.54
TEST_0518,0.79
TEST_0519,0.33
TEST_0520,0.58
TEST_0521,0.42
TEST_0522,0.29
TEST_0523,0.31
TEST_0524,0.41
TEST_0525,0.29
TEST_0526,0.7
TEST_0527,0.16
TEST_0528,0.67
TEST_0529,0.51
TEST_0530,0.24
TEST_0531,0.6
TEST_0532,0.53
TEST_0533,0.47
TEST_0534,0.48
TEST_0535,0.41
TEST_0536,0.24
TEST_0537,0.39
TEST_0538,0.48
TEST_0539,0.64
TEST_0540,0.34
TEST_0541,0.28
TEST_0542,0.46
TEST_0543,0.4
TEST_0544,0.42
TEST_0545,0.23
TEST_0546,0.36
TEST_0547,0.88
TEST_0548,0.37
TEST_0549,0.81
TEST_0550,0.44
TEST_0551,0.62
TEST_0552,0.53
TEST_0553,0.47
TEST_0554,0.49
TEST_0555,0.46
TEST_0556,0.64
TEST_0557,0.29
TEST_0558,0.28
TEST_0559,0.67
TEST_0560,0.25
TEST_0561,0.3
TEST_0562,0.49
TEST_0563,0.88
TEST_0564,0.58
TEST_0565,0.4
TEST_0566,0.37
TEST_0567,0.57
TEST_0568,0.2
TEST_0569,0.47
TEST_0570,0.41
TEST_0571,0.39
TEST_0572,0.24
TEST_0573,0.37
TEST_0574,0.3
TEST_0575,0.29
TEST_0576,0.38
TEST_0577,0.23
TEST_0578,0.39
TEST_0579,0.53
TEST_0580,0.43
TEST_0581,0.49
TEST_0582,0.46
TEST_0583,0.41
TEST_0584,0.84
TEST_0585,0.27
TEST_0586,0.38
TEST_0587,0.28
TEST_0588,0.57
TEST_0589,0.68
TEST_0590,0.7
TEST_0591,0.41
TEST_0592,0.32
TEST_0593,0.67
TEST_0594,0.65
TEST_0595,0.55
TEST_0596,0.41
TEST_0597,0.22
TEST_0598,0.53
TEST_0599,0.5
TEST_0600,0.32
TEST_0601,0.6
TEST_0602,0.44
TEST_0603,0.49
TEST_0604,0.55
TEST_0605,0.36
TEST_0606,0.37
TEST_0607,0.34
TEST_0608,0.29
TEST_0609,0.32
TEST_0610,0.38
TEST_0611,0.56
TEST_0612,0.32
TEST_0613,0.5
TEST_0614,0.54
TEST_0615,0.38
TEST_0616,0.52
TEST_0617,0.41
TEST_0618,0.36
TEST_0619,0.46
TEST_0620,0.44
TEST_0621,0.26
TEST_0622,0.36
TEST_0623,0.55
TEST_0624,0.7
TEST_0625,0.07
TEST_0626,0.64
TEST_0627,0.25
TEST_0628,0.43
TEST_0629,0.38
TEST_0630,0.69
TEST_0631,0.35
TEST_0632,0.38
TEST_0633,0.58
TEST_0634,0.65
TEST_0635,0.34
TEST_0636,0.6
TEST_0637,0.63
TEST_0638,0.64
TEST_0639,0.73
TEST_0640,0.47
TEST_0641,0.56
TEST_0642,0.42
TEST_0643,0.32
TEST_0644,0.17
TEST_0645,0.52
TEST_0646,0.67
TEST_0647,0.16
TEST_0648,0.47
TEST_0649,0.44
TEST_0650,0.44
TEST_0651,0.29
TEST_0652,0.28
TEST_0653,0.65
TEST_0654,0.56
TEST_0655,0.33
TEST_0656,0.2
TEST_0657,0.45
TEST_0658,0.36
TEST_0659,0.48
TEST_0660,0.47
TEST_0661,0.43
TEST_0662,0.27
TEST_0663,0.38
TEST_0664,0.44
TEST_0665,0.46
TEST_0666,0.6
TEST_0667,0.26
TEST_0668,0.53
TEST_0669,0.49
TEST_0670,0.49
TEST_0671,0.26
TEST_0672,0.31
TEST_0673,0.27
TEST_0674,0.17
TEST_0675,0.27
TEST_0676,0.23
TEST_0677,0.77
TEST_0678,0.69
TEST_0679,0.64
TEST_0680,0.44
TEST_0681,0.5
TEST_0682,0.36
TEST_0683,0.79
TEST_0684,0.56
TEST_0685,0.41
TEST_0686,0.36
TEST_0687,0.48
TEST_0688,0.74
TEST_0689,0.34
TEST_0690,0.53
TEST_0691,0.25
TEST_0692,0.49
TEST_0693,0.28
TEST_0694,0.46
TEST_0695,0.57
TEST_0696,0.19
TEST_0697,0.42
TEST_0698,0.45
TEST_0699,0.46
TEST_0700,0.18
TEST_0701,0.69
TEST_0702,0.53
TEST_0703,0.34
TEST_0704,0.39
TEST_0705,0.32
TEST_0706,0.36
TEST_0707,0.63
TEST_0708,0.58
TEST_0709,0.54
TEST_0710,0.37
TEST_0711,0.35
TEST_0712,0.48
TEST_0713,0.35
TEST_0714,0.54
TEST_0715,0.76
TEST_0716,0.47
TEST_0717,0.72
TEST_0718,0.4
TEST_0719,0.4
TEST_0720,0.49
TEST_0721,0.46
TEST_0722,0.23
TEST_0723,0.37
TEST_0724,0.5
TEST_0725,0.29
TEST_0726,0.32
TEST_0727,0.33
TEST_0728,0.65
TEST_0729,0.4
TEST_0730,0.16
TEST_0731,0.49
TEST_0732,0.65
TEST_0733,0.35
TEST_0734,0.3
TEST_0735,0.44
TEST_0736,0.51
TEST_0737,0.56
TEST_0738,0.53
TEST_0739,0.24
TEST_0740,0.54
TEST_0741,0.43
TEST_0742,0.51
TEST_0743,0.7
TEST_0744,0.35
TEST_0745,0.37
TEST_0746,0.12
TEST_0747,0.58
TEST_0748,0.51
TEST_0749,0.59
TEST_0750,0.63
TEST_0751,0.39
TEST_0752,0.78
TEST_0753,0.68
TEST_0754,0.48
TEST_0755,0.37
TEST_0756,0.34
TEST_0757,0.49
TEST_0758,0.27
TEST_0759,0.27
TEST_0760,0.3
TEST_0761,0.45
TEST_0762,0.33
TEST_0763,0.26
TEST_0764,0.35
TEST_0765,0.35
TEST_0766,0.49
TEST_0767,0.25
TEST_0768,0.72
TEST_0769,0.67
TEST_0770,0.5
TEST_0771,0.26
TEST_0772,0.35
TEST_0773,0.22
TEST_0774,0.41
TEST_0775,0.41
TEST_0776,0.46
TEST_0777,0.31
TEST_0778,0.62
TEST_0779,0.52
TEST_0780,0.85
TEST_0781,0.13
TEST_0782,0.38
TEST_0783,0.34
TEST_0784,0.2
TEST_0785,0.47
TEST_0786,0.47
TEST_0787,0.29
TEST_0788,0.69
TEST_0789,0.6
TEST_0790,0.19
TEST_0791,0.84
TEST_0792,0.27
TEST_0793,0.33
TEST_0794,0.23
TEST_0795,0.1
TEST_0796,0.17
TEST_0797,0.65
TEST_0798,0.46
TEST_0799,0.29
TEST_0800,0.66
TEST_0801,0.54
TEST_0802,0.37
TEST_0803,0.57
TEST_0804,0.26
TEST_0805,0.36
TEST_0806,0.43
TEST_0807,0.24
TEST_0808,0.48
TEST_0809,0.34
TEST_0810,0.55
TEST_0811,0.2
TEST_0812,0.58
TEST_0813,0.29
TEST_0814,0.63
TEST_0815,0.46
TEST_0816,0.53
TEST_0817,0.25
TEST_0818,0.47
TEST_0819,0.68
TEST_0820,0.5
TEST_0821,0.38
TEST_0822,0.51
TEST_0823,0.27
TEST_0824,0.53
TEST_0825,0.52
TEST_0826,0.36
TEST_0827,0.39
TEST_0828,0.44
TEST_0829,0.63
TEST_0830,0.3
TEST_0831,0.63
TEST_0832,0.33
TEST_0833,0.67
TEST_0834,0.24
TEST_0835,0.56
TEST_0836,0.36
TEST_0837,0.33
TEST_0838,0.65
TEST_0839,0.41
TEST_0840,0.23
TEST_0841,0.31
TEST_0842,0.39
TEST_0843,0.35
TEST_0844,0.51
TEST_0845,0.38
TEST_0846,0.47
TEST_0847,0.57
TEST_0848,0.64
TEST_0849,0.73
TEST_0850,0.4
TEST_0851,0.58
TEST_0852,0.49
TEST_0853,0.48
TEST_0854,0.53
TEST_0855,0.32
TEST_0856,0.67
TEST_0857,0.56
TEST_0858,0.33
TEST_0859,0.43
TEST_0860,0.45
TEST_0861,0.27
TEST_0862,0.76
TEST_0863,0.42
TEST_0864,0.67
TEST_0865,0.38
TEST_0866,0.39
TEST_0867,0.55
TEST_0868,0.28
TEST_0869,0.59
TEST_0870,0.34
TEST_0871,0.26
TEST_0872,0.29
TEST_0873,0.43
TEST_0874,0.33
TEST_0875,0.7
TEST_0876,0.55
TEST_0877,0.45
TEST_0878,0.58
TEST_0879,0.59
TEST_0880,0.41
TEST_0881,0.41
TEST_0882,0.74
TEST_0883,0.44
TEST_0884,0.55
TEST_0885,0.22
TEST_0886,0.53
TEST_0887,0.48
TEST_0888,0.57
TEST_0889,0.22
TEST_0890,0.23
TEST_0891,0.28
TEST_0892,0.75
TEST_0893,0.27
TEST_0894,0.65
TEST_0895,0.69
TEST_0896,0.56
TEST_0897,0.51
TEST_0898,0.45
TEST_0899,0.46
TEST_0900,0.29
TEST_0901,0.36
TEST_0902,0.65
TEST_0903,0.22
TEST_0904,0.56
TEST_0905,0.28
TEST_0906,0.55
TEST_0907,0.28
TEST_0908,0.29
TEST_0909,0.35
TEST_0910,0.19
TEST_0911,0.35
TEST_0912,0.61
TEST_0913,0.4
TEST_0914,0.36
TEST_0915,0.46
TEST_0916,0.22
TEST_0917,0.58
TEST_0918,0.75
TEST_0919,0.4
TEST_0920,0.31
TEST_0921,0.46
TEST_0922,0.5
TEST_0923,0.65
TEST_0924,0.47
TEST_0925,0.35
TEST_0926,0.25
TEST_0927,0.25
TEST_0928,0.4
TEST_0929,0.38
TEST_0930,0.35
TEST_0931,0.22
TEST_0932,0.24
TEST_0933,0.29
TEST_0934,0.54
TEST_0935,0.62
TEST_0936,0.42
TEST_0937,0.31
TEST_0938,0.33
TEST_0939,0.36
TEST_0940,0.55
TEST_0941,0.48
TEST_0942,0.5
TEST_0943,0.36
TEST_0944,0.36
TEST_0945,0.52
TEST_0946,0.13
TEST_0947,0.45
TEST_0948,0.26
TEST_0949,0.18
TEST_0950,0.34
TEST_0951,0.74
TEST_0952,0.3
TEST_0953,0.51
TEST_0954,0.2
TEST_0955,0.61
TEST_0956,0.48
TEST_0957,0.49
TEST_0958,0.59
TEST_0959,0.68
TEST_0960,0.17
TEST_0961,0.6
TEST_0962,0.31
TEST_0963,0.17
TEST_0964,0.54
TEST_0965,0.44
TEST_0966,0.79
TEST_0967,0.44
TEST_0968,0.33
TEST_0969,0.24
TEST_0970,0.22
TEST_0971,0.3
TEST_0972,0.41
TEST_0973,0.33
TEST_0974,0.28
TEST_0975,0.57
TEST_0976,0.42
TEST_0977,0.45
TEST_0978,0.31
TEST_0979,0.58
TEST_0980,0.47
TEST_0981,0.61
TEST_0982,0.36
TEST_0983,0.46
TEST_0984,0.36
TEST_0985,0.62
TEST_0986,0.31
TEST_0987,0.57
TEST_0988,0.43
TEST_0989,0.42
TEST_0990,0.28
TEST_0991,0.35
TEST_0992,0.59
TEST_0993,0.43
TEST_0994,0.28
TEST_0995,0.21
TEST_0996,0.23
TEST_0997,0.19
TEST_0998,0.43
TEST_0999,0.64
TEST_1000,0.41
TEST_1001,0.49
TEST_1002,0.55
TEST_1003,0.37
TEST_1004,0.4
TEST_1005,0.47
TEST_1006,0.51
TEST_1007,0.83
TEST_1008,0.51
TEST_1009,0.43
TEST_1010,0.28
TEST_1011,0.22
TEST_1012,0.31
TEST_1013,0.39
TEST_1014,0.49
TEST_1015,0.35
TEST_1016,0.13
TEST_1017,0.28
TEST_1018,0.18
TEST_1019,0.52
TEST_1020,0.34
TEST_1021,0.56
TEST_1022,0.33
TEST_1023,0.7
TEST_1024,0.29
TEST_1025,0.25
TEST_1026,0.7
TEST_1027,0.34
TEST_1028,0.38
TEST_1029,0.83
TEST_1030,0.36
TEST_1031,0.41
TEST_1032,0.39
TEST_1033,0.55
TEST_1034,0.43
TEST_1035,0.4
TEST_1036,0.42
TEST_1037,0.41
TEST_1038,0.34
TEST_1039,0.48
TEST_1040,0.36
TEST_1041,0.64
TEST_1042,0.48
TEST_1043,0.33
TEST_1044,0.27
TEST_1045,0.67
TEST_1046,0.68
TEST_1047,0.53
TEST_1048,0.35
TEST_1049,0.35
TEST_1050,0.28
TEST_1051,0.36
TEST_1052,0.41
TEST_1053,0.48
TEST_1054,0.59
TEST_1055,0.56
TEST_1056,0.81
TEST_1057,0.58
TEST_1058,0.26
TEST_1059,0.25
TEST_1060,0.43
TEST_1061,0.45
TEST_1062,0.81
TEST_1063,0.73
TEST_1064,0.3
TEST_1065,0.37
TEST_1066,0.47
TEST_1067,0.4
TEST_1068,0.33
TEST_1069,0.35
TEST_1070,0.44
TEST_1071,0.41
TEST_1072,0.3
TEST_1073,0.29
TEST_1074,0.28
TEST_1075,0.55
TEST_1076,0.34
TEST_1077,0.37
TEST_1078,0.45
TEST_1079,0.23
TEST_1080,0.6
TEST_1081,0.17
TEST_1082,0.27
TEST_1083,0.49
TEST_1084,0.47
TEST_1085,0.11
TEST_1086,0.65
TEST_1087,0.45
TEST_1088,0.37
TEST_1089,0.38
TEST_1090,0.68
TEST_1091,0.38
TEST_1092,0.21
TEST_1093,0.28
TEST_1094,0.54
TEST_1095,0.56
TEST_1096,0.46
TEST_1097,0.31
TEST_1098,0.52
TEST_1099,0.47
TEST_1100,0.6
TEST_1101,0.48
TEST_1102,0.68
TEST_1103,0.59
TEST_1104,0.3
TEST_1105,0.6
TEST_1106,0.26
TEST_1107,0.26
TEST_1108,0.48
TEST_1109,0.59
TEST_1110,0.42
TEST_1111,0.69
TEST_1112,0.26
TEST_1113,0.16
TEST_1114,0.49
TEST_1115,0.28
TEST_1116,0.56
TEST_1117,0.6
TEST_1118,0.31
TEST_1119,0.51
TEST_1120,0.35
TEST_1121,0.19
TEST_1122,0.2
TEST_1123,0.52
TEST_1124,0.28
TEST_1125,0.54
TEST_1126,0.21
TEST_1127,0.22
TEST_1128,0.52
TEST_1129,0.6
TEST_1130,0.64
TEST_1131,0.3
TEST_1132,0.32
TEST_1133,0.17
TEST_1134,0.7
TEST_1135,0.52
TEST_1136,0.52
TEST_1137,0.27
TEST_1138,0.74
TEST_1139,0.19
TEST_1140,0.45
TEST_1141,0.37
TEST_1142,0.29
TEST_1143,0.27
TEST_1144,0.46
TEST_1145,0.46
TEST_1146,0.82
TEST_1147,0.82
TEST_1148,0.41
TEST_1149,0.49
TEST_1150,0.62
TEST_1151,0.43
TEST_1152,0.42
TEST_1153,0.42
TEST_1154,0.24
TEST_1155,0.5
TEST_1156,0.38
TEST_1157,0.54
TEST_1158,0.44
TEST_1159,0.15
TEST_1160,0.62
TEST_1161,0.54
TEST_1162,0.35
TEST_1163,0.33
TEST_1164,0.41
TEST_1165,0.56
TEST_1166,0.6
TEST_1167,0.67
TEST_1168,0.51
TEST_1169,0.69
TEST_1170,0.34
TEST_1171,0.47
TEST_1172,0.26
TEST_1173,0.28
TEST_1174,0.2
TEST_1175,0.39
TEST_1176,0.24
TEST_1177,0.52
TEST_1178,0.31
TEST_1179,0.4
TEST_1180,0.6
TEST_1181,0.2
TEST_1182,0.31
TEST_1183,0.89
TEST_1184,0.27
TEST_1185,0.56
TEST_1186,0.29
TEST_1187,0.69
TEST_1188,0.3
TEST_1189,0.48
TEST_1190,0.62
TEST_1191,0.44
TEST_1192,0.46
TEST_1193,0.5
TEST_1194,0.37
TEST_1195,0.96
TEST_1196,0.53
TEST_1197,0.49
TEST_1198,0.5
TEST_1199,0.73
TEST_1200,0.32
TEST_1201,0.44
TEST_1202,0.37
TEST_1203,0.48
TEST_1204,0.28
TEST_1205,0.28
TEST_1206,0.38
TEST_1207,0.45
TEST_1208,0.62
TEST_1209,0.4
TEST_1210,0.42
TEST_1211,0.56
TEST_1212,0.27
TEST_1213,0.51
TEST_1214,0.32
TEST_1215,0.68
TEST_1216,0.74
TEST_1217,0.35
TEST_1218,0.46
TEST_1219,0.29
TEST_1220,0.22
TEST_1221,0.51
TEST_1222,0.2
TEST_1223,0.33
TEST_1224,0.49
TEST_1225,0.38
TEST_1226,0.35
TEST_1227,0.43
TEST_1228,0.17
TEST_1229,0.5
TEST_1230,0.25
TEST_1231,0.33
TEST_1232,0.46
TEST_1233,0.19
TEST_1234,0.22
TEST_1235,0.8
TEST_1236,0.82
TEST_1237,0.3
TEST_1238,0.71
TEST_1239,0.46
TEST_1240,0.43
TEST_1241,0.43
TEST_1242,0.3
TEST_1243,0.14
TEST_1244,0.59
TEST_1245,0.57
TEST_1246,0.61
TEST_1247,0.39
TEST_1248,0.55
TEST_1249,0.35
TEST_1250,0.38
TEST_1251,0.44
TEST_1252,0.55
TEST_1253,0.21
TEST_1254,0.58
TEST_1255,0.47
TEST_1256,0.4
TEST_1257,0.4
TEST_1258,0.36
TEST_1259,0.68
TEST_1260,0.75
TEST_1261,0.48
TEST_1262,0.37
TEST_1263,0.31
TEST_1264,0.44
TEST_1265,0.38
TEST_1266,0.4
TEST_1267,0.36
TEST_1268,0.43
TEST_1269,0.5
TEST_1270,0.58
TEST_1271,0.56
TEST_1272,0.45
TEST_1273,0.38
TEST_1274,0.21
TEST_1275,0.45
TEST_1276,0.45
TEST_1277,0.26
TEST_1278,0.73
TEST_1279,0.28
TEST_1280,0.7
TEST_1281,0.57
TEST_1282,0.27
TEST_1283,0.28
TEST_1284,0.56
TEST_1285,0.2
TEST_1286,0.3
TEST_1287,0.47
TEST_1288,0.39
TEST_1289,0.48
TEST_1290,0.73
TEST_1291,0.4
TEST_1292,0.19
TEST_1293,0.36
TEST_1294,0.29
TEST_1295,0.33
TEST_1296,0.24
TEST_1297,0.4
TEST_1298,0.59
TEST_1299,0.22
TEST_1300,0.3
TEST_1301,0.7
TEST_1302,0.21
TEST_1303,0.41
TEST_1304,0.3
TEST_1305,0.43
TEST_1306,0.34
TEST_1307,0.24
TEST_1308,0.2
TEST_1309,0.23
TEST_1310,0.67
TEST_1311,0.43
TEST_1312,0.56
TEST_1313,0.5
TEST_1314,0.59
TEST_1315,0.31
TEST_1316,0.48
TEST_1317,0.25
TEST_1318,0.55
TEST_1319,0.69
TEST_1320,0.43
TEST_1321,0.53
TEST_1322,0.56
TEST_1323,0.39
TEST_1324,0.44
TEST_1325,0.5
TEST_1326,0.36
TEST_1327,0.45
TEST_1328,0.11
TEST_1329,0.54
TEST_1330,0.5
TEST_1331,0.53
TEST_1332,0.51
TEST_1333,0.27
TEST_1334,0.53
TEST_1335,0.47
TEST_1336,0.25
TEST_1337,0.65
TEST_1338,0.48
TEST_1339,0.63
TEST_1340,0.66
TEST_1341,0.39
TEST_1342,0.63
TEST_1343,0.53
TEST_1344,0.57
TEST_1345,0.44
TEST_1346,0.79
TEST_1347,0.23
TEST_1348,0.64
TEST_1349,0.23
TEST_1350,0.43
TEST_1351,0.62
TEST_1352,0.34
TEST_1353,0.45
TEST_1354,0.5
TEST_1355,0.5
TEST_1356,0.36
TEST_1357,0.44
TEST_1358,0.22
TEST_1359,0.48
TEST_1360,0.45
TEST_1361,0.22
TEST_1362,0.51
TEST_1363,0.45
TEST_1364,0.66
TEST_1365,0.71
TEST_1366,0.41
TEST_1367,0.3
TEST_1368,0.7
TEST_1369,0.7
TEST_1370,0.38
TEST_1371,0.75
TEST_1372,0.78
TEST_1373,0.54
TEST_1374,0.34
TEST_1375,0.61
TEST_1376,0.39
TEST_1377,0.6
TEST_1378,0.56
TEST_1379,0.58
TEST_1380,0.23
TEST_1381,0.45
TEST_1382,0.46
TEST_1383,0.34
TEST_1384,0.23
TEST_1385,0.54
TEST_1386,0.54
TEST_1387,0.4
TEST_1388,0.63
TEST_1389,0.25
TEST_1390,0.27
TEST_1391,0.36
TEST_1392,0.6
TEST_1393,0.24
TEST_1394,0.67
TEST_1395,0.52
TEST_1396,0.51
TEST_1397,0.29
TEST_1398,0.66
TEST_1399,0.53
TEST_1400,0.43
TEST_1401,0.15
TEST_1402,0.32
TEST_1403,0.25
TEST_1404,0.28
TEST_1405,0.39
TEST_1406,0.57
TEST_1407,0.47
TEST_1408,0.45
TEST_1409,0.64
TEST_1410,0.48
TEST_1411,0.27
TEST_1412,0.39
TEST_1413,0.31
TEST_1414,0.29
TEST_1415,0.59
TEST_1416,0.58
TEST_1417,0.37
TEST_1418,0.39
TEST_1419,0.33
TEST_1420,0.34
TEST_1421,0.42
TEST_1422,0.63
TEST_1423,0.64
TEST_1424,0.54
TEST_1425,0.36
TEST_1426,0.3
TEST_1427,0.65
TEST_1428,0.47
TEST_1429,0.57
TEST_1430,0.57
TEST_1431,0.35
TEST_1432,0.32
TEST_1433,0.49
TEST_1434,0.5
TEST_1435,0.58
TEST_1436,0.26
TEST_1437,0.43
TEST_1438,0.29
TEST_1439,0.24
TEST_1440,0.72
TEST_1441,0.29
TEST_1442,0.22
TEST_1443,0.47
TEST_1444,0.65
TEST_1445,0.28
TEST_1446,0.79
TEST_1447,0.4
TEST_1448,0.26
TEST_1449,0.34
TEST_1450,0.4
TEST_1451,0.59
TEST_1452,0.72
TEST_1453,0.21
TEST_1454,0.54
TEST_1455,0.43
TEST_1456,0.48
TEST_1457,0.33
TEST_1458,0.77
TEST_1459,0.34
TEST_1460,0.3
TEST_1461,0.39
TEST_1462,0.14
TEST_1463,0.44
TEST_1464,0.46
TEST_1465,0.45
TEST_1466,0.07
TEST_1467,0.5
TEST_1468,0.78
TEST_1469,0.44
TEST_1470,0.76
TEST_1471,0.54
TEST_1472,0.34
TEST_1473,0.19
TEST_1474,0.31
TEST_1475,0.22
TEST_1476,0.37
TEST_1477,0.37
TEST_1478,0.74
TEST_1479,0.38
TEST_1480,0.25
TEST_1481,0.37
TEST_1482,0.56
TEST_1483,0.37
TEST_1484,0.43
TEST_1485,0.47
TEST_1486,0.39
TEST_1487,0.39
TEST_1488,0.86
TEST_1489,0.58
TEST_1490,0.33
TEST_1491,0.41
TEST_1492,0.37
TEST_1493,0.47
TEST_1494,0.25
TEST_1495,0.32
TEST_1496,0.52
TEST_1497,0.52
TEST_1498,0.72
TEST_1499,0.59
TEST_1500,0.48
TEST_1501,0.43
TEST_1502,0.5
TEST_1503,0.26
TEST_1504,0.92
TEST_1505,0.6
TEST_1506,0.44
TEST_1507,0.69
TEST_1508,0.85
TEST_1509,0.59
TEST_1510,0.39
TEST_1511,0.62
TEST_1512,0.58
TEST_1513,0.39
TEST_1514,0.31
TEST_1515,0.4
TEST_1516,0.33
TEST_1517,0.56
TEST_1518,0.34
TEST_1519,0.45
TEST_1520,0.32
TEST_1521,0.4
TEST_1522,0.55
TEST_1523,0.68
TEST_1524,0.4
TEST_1525,0.52
TEST_1526,0.66
TEST_1527,0.47
TEST_1528,0.4
TEST_1529,0.36
TEST_1530,0.24
TEST_1531,0.36
TEST_1532,0.42
TEST_1533,0.49
TEST_1534,0.43
TEST_1535,0.56
TEST_1536,0.33
TEST_1537,0.53
TEST_1538,0.49
TEST_1539,0.28
TEST_1540,0.3
TEST_1541,0.22
TEST_1542,0.83
TEST_1543,0.56
TEST_1544,0.38
TEST_1545,0.67
TEST_1546,0.28
TEST_1547,0.27
TEST_1548,0.23
TEST_1549,0.3
TEST_1550,0.62
TEST_1551,0.54
TEST_1552,0.41
TEST_1553,0.41
TEST_1554,0.32
TEST_1555,0.32
TEST_1556,0.45
TEST_1557,0.73
TEST_1558,0.53
TEST_1559,0.39
TEST_1560,0.59
TEST_1561,0.36
TEST_1562,0.64
TEST_1563,0.37
TEST_1564,0.26
TEST_1565,0.57
TEST_1566,0.32
TEST_1567,0.6
TEST_1568,0.37
TEST_1569,0.27
TEST_1570,0.36
TEST_1571,0.36
TEST_1572,0.47
TEST_1573,0.41
TEST_1574,0.74
TEST_1575,0.54
TEST_1576,0.6
TEST_1577,0.4
TEST_1578,0.37
TEST_1579,0.36
TEST_1580,0.31
TEST_1581,0.23
TEST_1582,0.32
TEST_1583,0.29
TEST_1584,0.26
TEST_1585,0.36
TEST_1586,0.36
TEST_1587,0.38
TEST_1588,0.3
TEST_1589,0.47
TEST_1590,0.78
TEST_1591,0.37
TEST_1592,0.27
TEST_1593,0.54
TEST_1594,0.35
TEST_1595,0.52
TEST_1596,0.36
TEST_1597,0.46
TEST_1598,0.51
TEST_1599,0.46
TEST_1600,0.49
TEST_1601,0.31
TEST_1602,0.12
TEST_1603,0.26
TEST_1604,0.91
TEST_1605,0.48
TEST_1606,0.29
TEST_1607,0.45
TEST_1608,0.1
TEST_1609,0.34
TEST_1610,0.41
TEST_1611,0.38
TEST_1612,0.61
TEST_1613,0.19
TEST_1614,0.5
TEST_1615,0.72
TEST_1616,0.79
TEST_1617,0.31
TEST_1618,0.37
TEST_1619,0.18
TEST_1620,0.21
TEST_1621,0.56
TEST_1622,0.29
TEST_1623,0.45
TEST_1624,0.54
TEST_1625,0.66
TEST_1626,0.6
TEST_1627,0.51
TEST_1628,0.7
TEST_1629,0.53
TEST_1630,0.57
TEST_1631,0.29
TEST_1632,0.43
TEST_1633,0.48
TEST_1634,0.18
TEST_1635,0.28
TEST_1636,0.6
TEST_1637,0.22
TEST_1638,0.69
TEST_1639,0.59
TEST_1640,0.49
TEST_1641,0.43
TEST_1642,0.23
TEST_1643,0.78
TEST_1644,0.64
TEST_1645,0.46
TEST_1646,0.37
TEST_1647,0.27
TEST_1648,0.31
TEST_1649,0.37
TEST_1650,0.2
TEST_1651,0.33
TEST_1652,0.28
TEST_1653,0.25
TEST_1654,0.33
TEST_1655,0.46
TEST_1656,0.27
TEST_1657,0.63
TEST_1658,0.25
TEST_1659,0.82
TEST_1660,0.53
TEST_1661,0.24
TEST_1662,0.49
TEST_1663,0.53
TEST_1664,0.42
TEST_1665,0.25
TEST_1666,0.67
TEST_1667,0.55
TEST_1668,0.1
TEST_1669,0.59
TEST_1670,0.48
TEST_1671,0.34
TEST_1672,0.51
TEST_1673,0.39
TEST_1674,0.35
TEST_1675,0.71
TEST_1676,0.59
TEST_1677,0.34
TEST_1678,0.2
TEST_1679,0.4
TEST_1680,0.43
TEST_1681,0.5
TEST_1682,0.34
TEST_1683,0.72
TEST_1684,0.5
TEST_1685,0.45
TEST_1686,0.4
TEST_1687,0.57
TEST_1688,0.37
TEST_1689,0.15
TEST_1690,0.55
TEST_1691,0.43
TEST_1692,0.5
TEST_1693,0.56
TEST_1694,0.31
TEST_1695,0.32
TEST_1696,0.56
TEST_1697,0.46
TEST_1698,0.42
TEST_1699,0.56
TEST_1700,0.22
TEST_1701,0.67
TEST_1702,0.41
TEST_1703,0.35
TEST_1704,0.29
TEST_1705,0.4
TEST_1706,0.59
TEST_1707,0.46
TEST_1708,0.19
TEST_1709,0.35
TEST_1710,0.35
TEST_1711,0.21
TEST_1712,0.45
TEST_1713,0.41
TEST_1714,0.53
TEST_1715,0.35
TEST_1716,0.28
TEST_1717,0.75
TEST_1718,0.47
TEST_1719,0.39
TEST_1720,0.54
TEST_1721,0.23
TEST_1722,0.4
TEST_1723,0.36
TEST_1724,0.41
TEST_1725,0.26
TEST_1726,0.33
TEST_1727,0.36
TEST_1728,0.48
TEST_1729,0.49
TEST_1730,0.58
TEST_1731,0.23
TEST_1732,0.67
TEST_1733,0.49
TEST_1734,0.34
TEST_1735,0.36
TEST_1736,0.46
TEST_1737,0.68
TEST_1738,0.29
TEST_1739,0.47
TEST_1740,0.6
TEST_1741,0.26
TEST_1742,0.35
TEST_1743,0.56
TEST_1744,0.44
TEST_1745,0.23
TEST_1746,0.5
TEST_1747,0.89
TEST_1748,0.63
TEST_1749,0.19
TEST_1750,0.2
TEST_1751,0.48
TEST_1752,0.64
TEST_1753,0.32
TEST_1754,0.58
TEST_1755,0.44
TEST_1756,0.32
TEST_1757,0.84
TEST_1758,0.38
TEST_1759,0.75
TEST_1760,0.49
TEST_1761,0.45
TEST_1762,0.3
TEST_1763,0.37
TEST_1764,0.53
TEST_1765,0.15
TEST_1766,0.55
TEST_1767,0.48
TEST_1768,0.55
TEST_1769,0.27
TEST_1770,0.82
TEST_1771,0.26
TEST_1772,0.51
TEST_1773,0.45
TEST_1774,0.72
TEST_1775,0.3
TEST_1776,0.89
TEST_1777,0.37
TEST_1778,0.15
TEST_1779,0.64
TEST_1780,0.49
TEST_1781,0.41
TEST_1782,0.71
TEST_1783,0.63
TEST_1784,0.5
TEST_1785,0.43
TEST_1786,0.59
TEST_1787,0.57
TEST_1788,0.33
TEST_1789,0.35
TEST_1790,0.18
TEST_1791,0.54
TEST_1792,0.5
TEST_1793,0.39
TEST_1794,0.5
TEST_1795,0.59
TEST_1796,0.12
TEST_1797,0.67
TEST_1798,0.25
TEST_1799,0.51
TEST_1800,0.33
TEST_1801,0.39
TEST_1802,0.5
TEST_1803,0.4
TEST_1804,0.21
TEST_1805,0.59
TEST_1806,0.38
TEST_1807,0.26
TEST_1808,0.47
TEST_1809,0.53
TEST_1810,0.34
TEST_1811,0.44
TEST_1812,0.1
TEST_1813,0.67
TEST_1814,0.38
TEST_1815,0.33
TEST_1816,0.22
TEST_1817,0.6
TEST_1818,0.36
TEST_1819,0.28
TEST_1820,0.44
TEST_1821,0.62
TEST_1822,0.81
TEST_1823,0.38
TEST_1824,0.36
TEST_1825,0.54
TEST_1826,0.49
TEST_1827,0.35
TEST_1828,0.52
TEST_1829,0.66
TEST_1830,0.36
TEST_1831,0.35
TEST_1832,0.43
TEST_1833,0.4
TEST_1834,0.86
TEST_1835,0.35
TEST_1836,0.26
TEST_1837,0.44
TEST_1838,0.51
TEST_1839,0.33
TEST_1840,0.43
TEST_1841,0.34
TEST_1842,0.36
TEST_1843,0.5
TEST_1844,0.54
TEST_1845,0.2
TEST_1846,0.36
TEST_1847,0.49
TEST_1848,0.45
TEST_1849,0.34
TEST_1850,0.36
TEST_1851,0.32
TEST_1852,0.65
TEST_1853,0.62
TEST_1854,0.4
TEST_1855,0.7
TEST_1856,0.23
TEST_1857,0.54
TEST_1858,0.45
TEST_1859,0.71
TEST_1860,0.63
TEST_1861,0.49
TEST_1862,0.44
TEST_1863,0.45
TEST_1864,0.56
TEST_1865,0.35
TEST_1866,0.51
TEST_1867,0.83
TEST_1868,0.41
TEST_1869,0.37
TEST_1870,0.15
TEST_1871,0.36
TEST_1872,0.87
TEST_1873,0.59
TEST_1874,0.51
TEST_1875,0.29
TEST_1876,0.65
TEST_1877,0.28
TEST_1878,0.42
TEST_1879,0.7
TEST_1880,0.53
TEST_1881,0.6
TEST_1882,0.61
TEST_1883,0.4
TEST_1884,0.29
TEST_1885,0.69
TEST_1886,0.2
TEST_1887,0.33
TEST_1888,0.36
TEST_1889,0.26
TEST_1890,0.25
TEST_1891,0.63
TEST_1892,0.45
TEST_1893,0.42
TEST_1894,0.4
TEST_1895,0.61
TEST_1896,0.32
TEST_1897,0.25
TEST_1898,0.21
TEST_1899,0.32
TEST_1900,0.26
TEST_1901,0.54
TEST_1902,0.14
TEST_1903,0.25
TEST_1904,0.37
TEST_1905,0.54
TEST_1906,0.46
TEST_1907,0.36
TEST_1908,0.51
TEST_1909,0.2
TEST_1910,0.49
TEST_1911,0.25
TEST_1912,0.35
TEST_1913,0.35
TEST_1914,0.66
TEST_1915,0.44
TEST_1916,0.32
TEST_1917,0.23
TEST_1918,0.27
TEST_1919,0.18
TEST_1920,0.47
TEST_1921,0.54
TEST_1922,0.2
TEST_1923,0.38
TEST_1924,0.27
TEST_1925,0.37
TEST_1926,0.71
TEST_1927,0.42
TEST_1928,0.35
TEST_1929,0.69
TEST_1930,0.09
TEST_1931,0.36
TEST_1932,0.33
TEST_1933,0.74
TEST_1934,0.29
TEST_1935,0.49
TEST_1936,0.75
TEST_1937,0.72
TEST_1938,0.35
TEST_1939,0.36
TEST_1940,0.22
TEST_1941,0.3
TEST_1942,0.46
TEST_1943,0.39
TEST_1944,0.41
TEST_1945,0.38
TEST_1946,0.42
TEST_1947,0.33
TEST_1948,0.56
TEST_1949,0.66
TEST_1950,0.47
TEST_1951,0.34
TEST_1952,0.33
TEST_1953,0.67
TEST_1954,0.31
TEST_1955,0.47
TEST_1956,0.34
TEST_1957,0.49
TEST_1958,0.28
TEST_1959,0.44
TEST_1960,0.38
TEST_1961,0.22
TEST_1962,0.39
TEST_1963,0.4
TEST_1964,0.53
TEST_1965,0.37
TEST_1966,0.32
TEST_1967,0.6
TEST_1968,0.43
TEST_1969,0.21
TEST_1970,0.36
TEST_1971,0.42
TEST_1972,0.48
TEST_1973,0.7
TEST_1974,0.28
TEST_1975,0.35
TEST_1976,0.65
TEST_1977,0.19
TEST_1978,0.3
TEST_1979,0.27
TEST_1980,0.32
TEST_1981,0.29
TEST_1982,0.18
TEST_1983,0.4
TEST_1984,0.35
TEST_1985,0.25
TEST_1986,0.23
TEST_1987,0.53
TEST_1988,0.58
TEST_1989,0.28
TEST_1990,0.5
TEST_1991,0.55
TEST_1992,0.51
TEST_1993,0.3
TEST_1994,0.27
TEST_1995,0.24
TEST_1996,0.59
TEST_1997,0.42
TEST_1998,0.59
TEST_1999,0.35
TEST_2000,0.44
TEST_2001,0.52
TEST_2002,0.58
TEST_2003,0.79
TEST_2004,0.15
TEST_2005,0.51
TEST_2006,0.43
TEST_2007,0.34
TEST_2008,0.26
TEST_2009,0.41
TEST_2010,0.36
TEST_2011,0.28
TEST_2012,0.34
TEST_2013,0.69
TEST_2014,0.17
TEST_2015,0.41
TEST_2016,0.61
TEST_2017,0.34
TEST_2018,0.28
TEST_2019,0.54
TEST_2020,0.48
TEST_2021,0.44
TEST_2022,0.39
TEST_2023,0.57
TEST_2024,0.37
TEST_2025,0.28
TEST_2026,0.33
TEST_2027,0.25
TEST_2028,0.4
TEST_2029,0.59
TEST_2030,0.51
TEST_2031,0.37
TEST_2032,0.32
TEST_2033,0.42
TEST_2034,0.3
TEST_2035,0.18
TEST_2036,0.52
TEST_2037,0.7
TEST_2038,0.21
TEST_2039,0.57
TEST_2040,0.45
TEST_2041,0.25
TEST_2042,0.4
TEST_2043,0.62
TEST_2044,0.38
TEST_2045,0.32
TEST_2046,0.67
TEST_2047,0.56
TEST_2048,0.55
TEST_2049,0.62
TEST_2050,0.29
TEST_2051,0.53
TEST_2052,0.25
TEST_2053,0.36
TEST_2054,0.83
TEST_2055,0.28
TEST_2056,0.54
TEST_2057,0.24
TEST_2058,0.41
TEST_2059,0.51
TEST_2060,0.42
TEST_2061,0.73
